permissions,links,owner,group,size,month,day,time,name
-rw-r--r--,1,root,root,808,Jul,23,2019,arp:oneway
-rw-r--r--,1,root,root,834,Jul,23,2019,arp:remote
drwxr-xr-x,2,root,root,4096,Jul,31,2019,Desktop
drwxr-xr-x,14,root,root,4096,Oct,12,2019,Documents
drwxr-xr-x,3,root,root,4096,Aug,14,2019,Downloads
-rw-r--r--,1,root,root,0,Oct,12,2019,fixed_dump2.txt
-rw-r--r--,1,root,root,940817,Oct,12,2019,fixed_dump.txt
drwxr-xr-x,6,root,root,4096,Aug,13,2019,goodies
-rw-r--r--,1,root,root,40752,Jul,31,2019,hs_err_pid4872.log
drwxr-xr-x,2,root,root,4096,Jul,17,2019,Music
drwxr-xr-x,2,root,root,4096,Jul,17,2019,Pictures
drwxr-xr-x,2,root,root,4096,Jul,17,2019,Public
drwxr-xr-x,2,root,root,4096,Oct,11,2019,temp
drwxr-xr-x,2,root,root,4096,Jul,17,2019,Templates
drwxr-xr-x,2,root,root,4096,Jul,17,2019,Videos
-rw-r--r--,1,root,root,318,Jul,31,2019,WebScarab.properties
-rw-r--r--,1,root,root,11,Jul,31,2019,key.txt
-rw-r--r--,1,root,root,19052,Jul,31,2019,ace_of_spades.raw
drwxr-xr-x,2,root,root,4096,Jul,31,2019,active_scan
-rw-r--r--,1,root,root,2807,Jul,17,2019,alarm.py
-rwxr--r--,1,root,root,6830085,Jul,31,2019,american-english-insane
-rw-r--r--,1,root,root,7732,Dec,21,2015,AndroidManifest.xml
-rw-r--r--,1,root,root,19052,Jul,31,2019,aos2.txt
-rw-r--r--,1,root,root,25405,Jul,31,2019,aos.txt
-rw-r--r--,1,root,root,2103,Jul,31,2019,b2.txt
-rw-r--r--,1,root,root,5,Jul,31,2019,base64.txt
-rw-r--r--,1,root,root,62,Jul,31,2019,base.txt
-rw-r--r--,1,root,root,523,Jul,31,2019,bse64.txt
-rw-r--r--,1,root,root,30462,Jul,31,2019,b.txt
-rw-r--r--,1,root,root,2089344,Dec,21,2015,classes.dex
-rw-r--r--,1,root,root,0,Oct,12,2019,dict_test.txt
-rw-r--r--,1,root,root,146634,Jul,17,2019,fin.pcap
-rw-r--r--,1,root,root,2039,Jul,24,2019,fuzzer.py
drwxr-xr-x,2,root,root,4096,Jul,31,2019,fuzz_results
drwxr-xr-x,3,root,root,4096,Aug,6,2019,lab11
-rw-r--r--,1,root,root,9724,Jul,21,2019,lab8
-rw-r--r--,1,root,root,19640,Jul,21,2019,lab8_2
-rw-r--r--,1,root,root,16780,Dec,21,2015,LICENSE.txt
drwxr-xr-x,2,root,root,4096,Aug,14,2019,META-INF
drwxr-xr-x,4,root,root,4096,Aug,14,2019,org
drwxr-xr-x,2,root,root,4096,Aug,11,2019,password
drwxr-xr-x,3,root,root,4096,Oct,12,2019,POLYHACK19
-rw-r--r--,1,root,root,1366,Jul,17,2019,README
drwxr-xr-x,6,root,root,4096,Aug,14,2019,res
-rw-r--r--,1,root,root,1700,Dec,21,2015,resources.arsc
drwxr-xr-x,6,root,root,4096,Aug,14,2019,sample
-rw-r--r--,1,root,root,937588,Nov,14,2018,sample.apk
drwxr-xr-x,3,root,root,4096,Jul,31,2019,seclists
-rw-r--r--,1,root,root,400368,Jul,17,2019,set1.pcap
-rw-r--r--,1,root,root,64000075,Jul,17,2019,set2.pcap
-rw-r--r--,1,root,root,17383,Jul,17,2019,set3.pcap
-rw-r--r--,1,root,root,155,Jul,17,2019,test.py
-rwxr-xr-x,1,root,root,223540,Sep,4,2018,vmware-install.pl
drwxr-xr-x,9,root,root,4096,Sep,4,2018,vmware-tools-distrib
drwxr-xr-x,2,root,root,4096,Jul,31,2019,website
-rw-r--r--,1,root,root,146786,Jul,17,2019,xmas.pcap
-rw-r--r--,1,root,root,2810957,Jul,31,2019,fuzz1.csv
drwxr-xr-x,4,root,root,4096,Aug,1,2019,ctf-summer2019
drwxr-xr-x,2,root,root,4096,Aug,1,2019,database
drwxr-xr-x,8,root,root,4096,Aug,1,2019,www
-rw-r--r--,1,root,root,1187430,Aug,1,2019,database-final-20190801.sql
-rw-r--r--,1,root,root,472,Aug,1,2019,admin.php
-rw-r--r--,1,root,root,3162,Aug,1,2019,board.php
-rw-r--r--,1,root,root,23,Aug,1,2019,FLAG
-rw-r--r--,1,root,root,5071,Aug,1,2019,global.6.css
drwxr-xr-x,2,root,root,4096,Aug,1,2019,HIDDEN_DOT_GIT_FOLDER
drwxr-xr-x,2,root,root,4096,Aug,1,2019,includes
-rw-r--r--,1,root,root,418,Aug,1,2019,index.php
-rw-r--r--,1,root,root,19930,Aug,1,2019,license.txt
-rw-r--r--,1,root,root,279,Aug,1,2019,login.php
-rw-r--r--,1,root,root,164866,Aug,1,2019,logo2.png
-rw-r--r--,1,root,root,164748,Aug,1,2019,logo.png
-rw-r--r--,1,root,root,942,Aug,1,2019,logout.php
-rw-r--r--,1,root,root,1103,Aug,1,2019,main.php
-rw-r--r--,1,root,root,7194,Aug,1,2019,readme.html
drwxr-xr-x,2,root,root,4096,Aug,1,2019,scoreboard
-rw-r--r--,1,root,root,1229,Aug,1,2019,site_burichan.css
-rw-r--r--,1,root,root,1217,Aug,1,2019,site_futaba.css
-rw-r--r--,1,root,root,1334,Aug,1,2019,site_kusabax.css
-rw-r--r--,1,root,root,713,Aug,1,2019,sitemenu_burichan.css
-rw-r--r--,1,root,root,695,Aug,1,2019,sitemenu_futaba.css
-rw-r--r--,1,root,root,4951,Aug,1,2019,wp-activate.php
drwxr-xr-x,9,root,root,4096,Aug,1,2019,wp-admin
-rw-r--r--,1,root,root,271,Aug,1,2019,wp-blog-header.php
-rw-r--r--,1,root,root,4946,Aug,1,2019,wp-comments-post.php
-rw-r--r--,1,root,root,3006,Aug,1,2019,wp-config.php
-rw-r--r--,1,root,root,2726,Aug,1,2019,wp-config-sample.php
drwxr-xr-x,5,root,root,4096,Aug,1,2019,wp-content
-rw-r--r--,1,root,root,2956,Aug,1,2019,wp-cron.php
drwxr-xr-x,12,root,root,4096,Aug,1,2019,wp-includes
-rw-r--r--,1,root,root,2380,Aug,1,2019,wp-links-opml.php
-rw-r--r--,1,root,root,2714,Aug,1,2019,wp-load.php
-rw-r--r--,1,root,root,33043,Aug,1,2019,wp-login.php
-rw-r--r--,1,root,root,8252,Aug,1,2019,wp-mail.php
-rw-r--r--,1,root,root,11115,Aug,1,2019,wp-settings.php
-rw-r--r--,1,root,root,26256,Aug,1,2019,wp-signup.php
-rw-r--r--,1,root,root,4026,Aug,1,2019,wp-trackback.php
-rw-r--r--,1,root,root,3032,Aug,1,2019,xmlrpc.php
-rw-r--r--,1,root,root,13050,Aug,1,2019,yui.2.css
-rw-r--r--,1,root,root,70,Aug,1,2019,FLAG
-rw-r--r--,1,root,root,878,Aug,1,2019,dblib.php
-rw-r--r--,1,root,root,118,Aug,1,2019,index.html
-rw-r--r--,1,root,root,5997,Aug,1,2019,index.php
-rw-r--r--,1,root,root,7599,Aug,1,2019,about.php
-rw-r--r--,1,root,root,3405,Aug,1,2019,admin-ajax.php
-rw-r--r--,1,root,root,2349,Aug,1,2019,admin-footer.php
-rw-r--r--,1,root,root,403,Aug,1,2019,admin-functions.php
-rw-r--r--,1,root,root,6648,Aug,1,2019,admin-header.php
-rw-r--r--,1,root,root,10344,Aug,1,2019,admin.php
-rw-r--r--,1,root,root,1681,Aug,1,2019,admin-post.php
-rw-r--r--,1,root,root,4140,Aug,1,2019,async-upload.php
-rw-r--r--,1,root,root,9154,Aug,1,2019,comment.php
-rw-r--r--,1,root,root,6844,Aug,1,2019,credits.php
drwxr-xr-x,3,root,root,4096,Aug,1,2019,css
-rw-r--r--,1,root,root,17067,Aug,1,2019,custom-background.php
-rw-r--r--,1,root,root,44247,Aug,1,2019,custom-header.php
-rw-r--r--,1,root,root,9374,Aug,1,2019,customize.php
-rw-r--r--,1,root,root,11661,Aug,1,2019,edit-comments.php
-rw-r--r--,1,root,root,29414,Aug,1,2019,edit-form-advanced.php
-rw-r--r--,1,root,root,6364,Aug,1,2019,edit-form-comment.php
-rw-r--r--,1,root,root,5992,Aug,1,2019,edit-link-form.php
-rw-r--r--,1,root,root,14411,Aug,1,2019,edit.php
-rw-r--r--,1,root,root,6962,Aug,1,2019,edit-tag-form.php
-rw-r--r--,1,root,root,20304,Aug,1,2019,edit-tags.php
-rw-r--r--,1,root,root,8332,Aug,1,2019,export.php
-rw-r--r--,1,root,root,3367,Aug,1,2019,freedoms.php
drwxr-xr-x,2,root,root,4096,Aug,1,2019,images
-rw-r--r--,1,root,root,5265,Aug,1,2019,import.php
drwxr-xr-x,2,root,root,4096,Aug,1,2019,includes
-rw-r--r--,1,root,root,5991,Aug,1,2019,index.php
-rw-r--r--,1,root,root,5446,Aug,1,2019,install-helper.php
-rw-r--r--,1,root,root,11888,Aug,1,2019,install.php
drwxr-xr-x,2,root,root,4096,Aug,1,2019,js
-rw-r--r--,1,root,root,712,Aug,1,2019,link-add.php
-rw-r--r--,1,root,root,3468,Aug,1,2019,link-manager.php
-rw-r--r--,1,root,root,1990,Aug,1,2019,link-parse-opml.php
-rw-r--r--,1,root,root,2625,Aug,1,2019,link.php
-rw-r--r--,1,root,root,2818,Aug,1,2019,load-scripts.php
-rw-r--r--,1,root,root,3149,Aug,1,2019,load-styles.php
drwxr-xr-x,2,root,root,4096,Aug,1,2019,maint
-rw-r--r--,1,root,root,3137,Aug,1,2019,media-new.php
-rw-r--r--,1,root,root,5229,Aug,1,2019,media.php
-rw-r--r--,1,root,root,3146,Aug,1,2019,media-upload.php
-rw-r--r--,1,root,root,8011,Aug,1,2019,menu-header.php
-rw-r--r--,1,root,root,12835,Aug,1,2019,menu.php
-rw-r--r--,1,root,root,320,Aug,1,2019,moderation.php
-rw-r--r--,1,root,root,211,Aug,1,2019,ms-admin.php
-rw-r--r--,1,root,root,3695,Aug,1,2019,ms-delete-site.php
-rw-r--r--,1,root,root,231,Aug,1,2019,ms-edit.php
-rw-r--r--,1,root,root,236,Aug,1,2019,ms-options.php
-rw-r--r--,1,root,root,228,Aug,1,2019,ms-sites.php
-rw-r--r--,1,root,root,230,Aug,1,2019,ms-themes.php
-rw-r--r--,1,root,root,232,Aug,1,2019,ms-upgrade-network.php
-rw-r--r--,1,root,root,228,Aug,1,2019,ms-users.php
-rw-r--r--,1,root,root,4676,Aug,1,2019,my-sites.php
-rw-r--r--,1,root,root,38554,Aug,1,2019,nav-menus.php
drwxr-xr-x,2,root,root,4096,Aug,1,2019,network
-rw-r--r--,1,root,root,26495,Aug,1,2019,network.php
-rw-r--r--,1,root,root,13677,Aug,1,2019,options-discussion.php
-rw-r--r--,1,root,root,14240,Aug,1,2019,options-general.php
-rw-r--r--,1,root,root,492,Aug,1,2019,options-head.php
-rw-r--r--,1,root,root,5831,Aug,1,2019,options-media.php
-rw-r--r--,1,root,root,15181,Aug,1,2019,options-permalink.php
-rw-r--r--,1,root,root,10439,Aug,1,2019,options.php
-rw-r--r--,1,root,root,9352,Aug,1,2019,options-reading.php
-rw-r--r--,1,root,root,9876,Aug,1,2019,options-writing.php
-rw-r--r--,1,root,root,11402,Aug,1,2019,plugin-editor.php
-rw-r--r--,1,root,root,5003,Aug,1,2019,plugin-install.php
-rw-r--r--,1,root,root,20320,Aug,1,2019,plugins.php
-rw-r--r--,1,root,root,2458,Aug,1,2019,post-new.php
-rw-r--r--,1,root,root,8856,Aug,1,2019,post.php
-rw-r--r--,1,root,root,26776,Aug,1,2019,press-this.php
-rw-r--r--,1,root,root,296,Aug,1,2019,profile.php
-rw-r--r--,1,root,root,8321,Aug,1,2019,revision.php
-rw-r--r--,1,root,root,13054,Aug,1,2019,setup-config.php
-rw-r--r--,1,root,root,10192,Aug,1,2019,theme-editor.php
-rw-r--r--,1,root,root,10889,Aug,1,2019,theme-install.php
-rw-r--r--,1,root,root,17195,Aug,1,2019,themes.php
-rw-r--r--,1,root,root,4167,Aug,1,2019,tools.php
-rw-r--r--,1,root,root,27622,Aug,1,2019,update-core.php
-rw-r--r--,1,root,root,10163,Aug,1,2019,update.php
-rw-r--r--,1,root,root,338,Aug,1,2019,upgrade-functions.php
-rw-r--r--,1,root,root,4198,Aug,1,2019,upgrade.php
-rw-r--r--,1,root,root,12024,Aug,1,2019,upload.php
drwxr-xr-x,2,root,root,4096,Aug,1,2019,user
-rw-r--r--,1,root,root,22280,Aug,1,2019,user-edit.php
-rw-r--r--,1,root,root,18852,Aug,1,2019,user-new.php
-rw-r--r--,1,root,root,15932,Aug,1,2019,users.php
-rw-r--r--,1,root,root,15687,Aug,1,2019,widgets.php
-rw-r--r--,1,root,root,7472,Aug,1,2019,about.css
-rw-r--r--,1,root,root,7473,Aug,1,2019,about-rtl.css
-rw-r--r--,1,root,root,18450,Aug,1,2019,admin-menu.css
-rw-r--r--,1,root,root,18463,Aug,1,2019,admin-menu-rtl.css
-rw-r--r--,1,root,root,2451,Aug,1,2019,color-picker.css
-rw-r--r--,1,root,root,2089,Aug,1,2019,color-picker.min.css
-rw-r--r--,1,root,root,2454,Aug,1,2019,color-picker-rtl.css
-rw-r--r--,1,root,root,2092,Aug,1,2019,color-picker-rtl.min.css
drwxr-xr-x,9,root,root,4096,Aug,1,2019,colors
-rw-r--r--,1,root,root,54528,Aug,1,2019,common.css
-rw-r--r--,1,root,root,54532,Aug,1,2019,common-rtl.css
-rw-r--r--,1,root,root,18498,Aug,1,2019,customize-controls.css
-rw-r--r--,1,root,root,15767,Aug,1,2019,customize-controls.min.css
-rw-r--r--,1,root,root,18509,Aug,1,2019,customize-controls-rtl.css
-rw-r--r--,1,root,root,15778,Aug,1,2019,customize-controls-rtl.min.css
-rw-r--r--,1,root,root,14572,Aug,1,2019,customize-widgets.css
-rw-r--r--,1,root,root,11825,Aug,1,2019,customize-widgets.min.css
-rw-r--r--,1,root,root,14571,Aug,1,2019,customize-widgets-rtl.css
-rw-r--r--,1,root,root,11824,Aug,1,2019,customize-widgets-rtl.min.css
-rw-r--r--,1,root,root,20206,Aug,1,2019,dashboard.css
-rw-r--r--,1,root,root,20204,Aug,1,2019,dashboard-rtl.css
-rw-r--r--,1,root,root,5793,Aug,1,2019,deprecated-media.css
-rw-r--r--,1,root,root,4775,Aug,1,2019,deprecated-media.min.css
-rw-r--r--,1,root,root,5795,Aug,1,2019,deprecated-media-rtl.css
-rw-r--r--,1,root,root,4777,Aug,1,2019,deprecated-media-rtl.min.css
-rw-r--r--,1,root,root,25280,Aug,1,2019,edit.css
-rw-r--r--,1,root,root,25281,Aug,1,2019,edit-rtl.css
-rw-r--r--,1,root,root,611,Aug,1,2019,farbtastic.css
-rw-r--r--,1,root,root,612,Aug,1,2019,farbtastic-rtl.css
-rw-r--r--,1,root,root,17595,Aug,1,2019,forms.css
-rw-r--r--,1,root,root,17597,Aug,1,2019,forms-rtl.css
-rw-r--r--,1,root,root,12215,Aug,1,2019,ie.css
-rw-r--r--,1,root,root,10459,Aug,1,2019,ie.min.css
-rw-r--r--,1,root,root,12223,Aug,1,2019,ie-rtl.css
-rw-r--r--,1,root,root,10436,Aug,1,2019,ie-rtl.min.css
-rw-r--r--,1,root,root,6187,Aug,1,2019,install.css
-rw-r--r--,1,root,root,5133,Aug,1,2019,install.min.css
-rw-r--r--,1,root,root,6187,Aug,1,2019,install-rtl.css
-rw-r--r--,1,root,root,5133,Aug,1,2019,install-rtl.min.css
-rw-r--r--,1,root,root,3119,Aug,1,2019,l10n.css
-rw-r--r--,1,root,root,3121,Aug,1,2019,l10n-rtl.css
-rw-r--r--,1,root,root,33212,Aug,1,2019,list-tables.css
-rw-r--r--,1,root,root,33236,Aug,1,2019,list-tables-rtl.css
-rw-r--r--,1,root,root,4062,Aug,1,2019,login.css
-rw-r--r--,1,root,root,18780,Aug,1,2019,login.min.css
-rw-r--r--,1,root,root,4076,Aug,1,2019,login-rtl.css
-rw-r--r--,1,root,root,18790,Aug,1,2019,login-rtl.min.css
-rw-r--r--,1,root,root,21529,Aug,1,2019,media.css
-rw-r--r--,1,root,root,21527,Aug,1,2019,media-rtl.css
-rw-r--r--,1,root,root,14242,Aug,1,2019,nav-menus.css
-rw-r--r--,1,root,root,14276,Aug,1,2019,nav-menus-rtl.css
-rw-r--r--,1,root,root,7138,Aug,1,2019,press-this.css
-rw-r--r--,1,root,root,7135,Aug,1,2019,press-this-rtl.css
-rw-r--r--,1,root,root,10060,Aug,1,2019,revisions.css
-rw-r--r--,1,root,root,10069,Aug,1,2019,revisions-rtl.css
-rw-r--r--,1,root,root,35677,Aug,1,2019,themes.css
-rw-r--r--,1,root,root,35695,Aug,1,2019,themes-rtl.css
-rw-r--r--,1,root,root,10446,Aug,1,2019,widgets.css
-rw-r--r--,1,root,root,10442,Aug,1,2019,widgets-rtl.css
-rw-r--r--,1,root,root,366,Aug,1,2019,wp-admin.css
-rw-r--r--,1,root,root,219856,Aug,1,2019,wp-admin.min.css
-rw-r--r--,1,root,root,422,Aug,1,2019,wp-admin-rtl.css
-rw-r--r--,1,root,root,219957,Aug,1,2019,wp-admin-rtl.min.css
-rw-r--r--,1,root,root,11821,Aug,1,2019,_admin.scss
drwxr-xr-x,2,root,root,4096,Aug,1,2019,blue
drwxr-xr-x,2,root,root,4096,Aug,1,2019,coffee
drwxr-xr-x,2,root,root,4096,Aug,1,2019,ectoplasm
drwxr-xr-x,2,root,root,4096,Aug,1,2019,light
drwxr-xr-x,2,root,root,4096,Aug,1,2019,midnight
-rw-r--r--,1,root,root,1244,Aug,1,2019,_mixins.scss
drwxr-xr-x,2,root,root,4096,Aug,1,2019,ocean
drwxr-xr-x,2,root,root,4096,Aug,1,2019,sunrise
-rw-r--r--,1,root,root,1851,Aug,1,2019,_variables.scss
-rw-r--r--,1,root,root,13087,Aug,1,2019,colors.css
-rw-r--r--,1,root,root,10976,Aug,1,2019,colors.min.css
-rw-r--r--,1,root,root,13085,Aug,1,2019,colors-rtl.css
-rw-r--r--,1,root,root,10974,Aug,1,2019,colors-rtl.min.css
-rw-r--r--,1,root,root,249,Aug,1,2019,colors.scss
-rw-r--r--,1,root,root,13108,Aug,1,2019,colors.css
-rw-r--r--,1,root,root,10873,Aug,1,2019,colors.min.css
-rw-r--r--,1,root,root,13106,Aug,1,2019,colors-rtl.css
-rw-r--r--,1,root,root,10871,Aug,1,2019,colors-rtl.min.css
-rw-r--r--,1,root,root,135,Aug,1,2019,colors.scss
-rw-r--r--,1,root,root,13108,Aug,1,2019,colors.css
-rw-r--r--,1,root,root,10873,Aug,1,2019,colors.min.css
-rw-r--r--,1,root,root,13106,Aug,1,2019,colors-rtl.css
-rw-r--r--,1,root,root,10871,Aug,1,2019,colors-rtl.min.css
-rw-r--r--,1,root,root,157,Aug,1,2019,colors.scss
-rw-r--r--,1,root,root,13739,Aug,1,2019,colors.css
-rw-r--r--,1,root,root,11249,Aug,1,2019,colors.min.css
-rw-r--r--,1,root,root,13737,Aug,1,2019,colors-rtl.css
-rw-r--r--,1,root,root,11247,Aug,1,2019,colors-rtl.min.css
-rw-r--r--,1,root,root,1119,Aug,1,2019,colors.scss
-rw-r--r--,1,root,root,13108,Aug,1,2019,colors.css
-rw-r--r--,1,root,root,10873,Aug,1,2019,colors.min.css
-rw-r--r--,1,root,root,13106,Aug,1,2019,colors-rtl.css
-rw-r--r--,1,root,root,10871,Aug,1,2019,colors-rtl.min.css
-rw-r--r--,1,root,root,106,Aug,1,2019,colors.scss
-rw-r--r--,1,root,root,13108,Aug,1,2019,colors.css
-rw-r--r--,1,root,root,10873,Aug,1,2019,colors.min.css
-rw-r--r--,1,root,root,13106,Aug,1,2019,colors-rtl.css
-rw-r--r--,1,root,root,10871,Aug,1,2019,colors-rtl.min.css
-rw-r--r--,1,root,root,157,Aug,1,2019,colors.scss
-rw-r--r--,1,root,root,13108,Aug,1,2019,colors.css
-rw-r--r--,1,root,root,10873,Aug,1,2019,colors.min.css
-rw-r--r--,1,root,root,13106,Aug,1,2019,colors-rtl.css
-rw-r--r--,1,root,root,10871,Aug,1,2019,colors-rtl.min.css
-rw-r--r--,1,root,root,166,Aug,1,2019,colors.scss
-rw-r--r--,1,root,root,147,Aug,1,2019,align-center-2x.png
-rw-r--r--,1,root,root,546,Aug,1,2019,align-center.png
-rw-r--r--,1,root,root,143,Aug,1,2019,align-left-2x.png
-rw-r--r--,1,root,root,554,Aug,1,2019,align-left.png
-rw-r--r--,1,root,root,121,Aug,1,2019,align-none-2x.png
-rw-r--r--,1,root,root,417,Aug,1,2019,align-none.png
-rw-r--r--,1,root,root,142,Aug,1,2019,align-right-2x.png
-rw-r--r--,1,root,root,509,Aug,1,2019,align-right.png
-rw-r--r--,1,root,root,863,Aug,1,2019,arrows-2x.png
-rw-r--r--,1,root,root,243,Aug,1,2019,arrows.png
-rw-r--r--,1,root,root,507,Aug,1,2019,bubble_bg-2x.gif
-rw-r--r--,1,root,root,395,Aug,1,2019,bubble_bg.gif
-rw-r--r--,1,root,root,258,Aug,1,2019,comment-grey-bubble-2x.png
-rw-r--r--,1,root,root,114,Aug,1,2019,comment-grey-bubble.png
-rw-r--r--,1,root,root,992,Aug,1,2019,date-button-2x.gif
-rw-r--r--,1,root,root,400,Aug,1,2019,date-button.gif
-rw-r--r--,1,root,root,719,Aug,1,2019,generic.png
-rw-r--r--,1,root,root,35645,Aug,1,2019,icons32-2x.png
-rw-r--r--,1,root,root,12989,Aug,1,2019,icons32.png
-rw-r--r--,1,root,root,37994,Aug,1,2019,icons32-vs-2x.png
-rw-r--r--,1,root,root,12920,Aug,1,2019,icons32-vs.png
-rw-r--r--,1,root,root,14853,Aug,1,2019,imgedit-icons-2x.png
-rw-r--r--,1,root,root,6989,Aug,1,2019,imgedit-icons.png
-rw-r--r--,1,root,root,1523,Aug,1,2019,list-2x.png
-rw-r--r--,1,root,root,1003,Aug,1,2019,list.png
-rw-r--r--,1,root,root,2244,Aug,1,2019,loading.gif
-rw-r--r--,1,root,root,360,Aug,1,2019,marker.png
-rw-r--r--,1,root,root,2001,Aug,1,2019,mask.png
-rw-r--r--,1,root,root,850,Aug,1,2019,media-button-2x.png
-rw-r--r--,1,root,root,198,Aug,1,2019,media-button-image.gif
-rw-r--r--,1,root,root,205,Aug,1,2019,media-button-music.gif
-rw-r--r--,1,root,root,245,Aug,1,2019,media-button-other.gif
-rw-r--r--,1,root,root,323,Aug,1,2019,media-button.png
-rw-r--r--,1,root,root,131,Aug,1,2019,media-button-video.gif
-rw-r--r--,1,root,root,30324,Aug,1,2019,menu-2x.png
-rw-r--r--,1,root,root,9165,Aug,1,2019,menu.png
-rw-r--r--,1,root,root,29592,Aug,1,2019,menu-vs-2x.png
-rw-r--r--,1,root,root,9320,Aug,1,2019,menu-vs.png
-rw-r--r--,1,root,root,755,Aug,1,2019,no.png
-rw-r--r--,1,root,root,7829,Aug,1,2019,post-formats32.png
-rw-r--r--,1,root,root,7512,Aug,1,2019,post-formats32-vs.png
-rw-r--r--,1,root,root,2157,Aug,1,2019,post-formats.png
-rw-r--r--,1,root,root,2794,Aug,1,2019,post-formats-vs.png
-rw-r--r--,1,root,root,234,Aug,1,2019,resize-2x.gif
-rw-r--r--,1,root,root,71,Aug,1,2019,resize.gif
-rw-r--r--,1,root,root,232,Aug,1,2019,resize-rtl-2x.gif
-rw-r--r--,1,root,root,149,Aug,1,2019,resize-rtl.gif
-rw-r--r--,1,root,root,120,Aug,1,2019,se.png
-rw-r--r--,1,root,root,97,Aug,1,2019,sort-2x.gif
-rw-r--r--,1,root,root,54,Aug,1,2019,sort.gif
-rw-r--r--,1,root,root,8564,Aug,1,2019,spinner-2x.gif
-rw-r--r--,1,root,root,4203,Aug,1,2019,spinner.gif
-rw-r--r--,1,root,root,1257,Aug,1,2019,stars-2x.png
-rw-r--r--,1,root,root,924,Aug,1,2019,stars.png
-rw-r--r--,1,root,root,11505,Aug,1,2019,wheel.png
-rw-r--r--,1,root,root,3113,Aug,1,2019,w-logo-blue.png
-rw-r--r--,1,root,root,4159,Aug,1,2019,w-logo-white.png
-rw-r--r--,1,root,root,2480,Aug,1,2019,wordpress-logo.png
-rw-r--r--,1,root,root,1521,Aug,1,2019,wordpress-logo.svg
-rw-r--r--,1,root,root,1518,Aug,1,2019,wordpress-logo-white.svg
-rw-r--r--,1,root,root,9097,Aug,1,2019,wpspin_light-2x.gif
-rw-r--r--,1,root,root,2193,Aug,1,2019,wpspin_light.gif
-rw-r--r--,1,root,root,823,Aug,1,2019,xit-2x.gif
-rw-r--r--,1,root,root,182,Aug,1,2019,xit.gif
-rw-r--r--,1,root,root,539,Aug,1,2019,yes.png
-rw-r--r--,1,root,root,2452,Aug,1,2019,admin.php
-rw-r--r--,1,root,root,77127,Aug,1,2019,ajax-actions.php
-rw-r--r--,1,root,root,8708,Aug,1,2019,bookmark.php
-rw-r--r--,1,root,root,26850,Aug,1,2019,class-ftp.php
-rw-r--r--,1,root,root,5477,Aug,1,2019,class-ftp-pure.php
-rw-r--r--,1,root,root,8532,Aug,1,2019,class-ftp-sockets.php
-rw-r--r--,1,root,root,195618,Aug,1,2019,class-pclzip.php
-rw-r--r--,1,root,root,22795,Aug,1,2019,class-wp-comments-list-table.php
-rw-r--r--,1,root,root,22659,Aug,1,2019,class-wp-filesystem-base.php
-rw-r--r--,1,root,root,9784,Aug,1,2019,class-wp-filesystem-direct.php
-rw-r--r--,1,root,root,11252,Aug,1,2019,class-wp-filesystem-ftpext.php
-rw-r--r--,1,root,root,8371,Aug,1,2019,class-wp-filesystem-ftpsockets.php
-rw-r--r--,1,root,root,11953,Aug,1,2019,class-wp-filesystem-ssh2.php
-rw-r--r--,1,root,root,6877,Aug,1,2019,class-wp-importer.php
-rw-r--r--,1,root,root,6203,Aug,1,2019,class-wp-links-list-table.php
-rw-r--r--,1,root,root,28340,Aug,1,2019,class-wp-list-table.php
-rw-r--r--,1,root,root,18936,Aug,1,2019,class-wp-media-list-table.php
-rw-r--r--,1,root,root,15401,Aug,1,2019,class-wp-ms-sites-list-table.php
-rw-r--r--,1,root,root,15174,Aug,1,2019,class-wp-ms-themes-list-table.php
-rw-r--r--,1,root,root,9988,Aug,1,2019,class-wp-ms-users-list-table.php
-rw-r--r--,1,root,root,15225,Aug,1,2019,class-wp-plugin-install-list-table.php
-rw-r--r--,1,root,root,24096,Aug,1,2019,class-wp-plugins-list-table.php
-rw-r--r--,1,root,root,42841,Aug,1,2019,class-wp-posts-list-table.php
-rw-r--r--,1,root,root,14718,Aug,1,2019,class-wp-terms-list-table.php
-rw-r--r--,1,root,root,13941,Aug,1,2019,class-wp-theme-install-list-table.php
-rw-r--r--,1,root,root,9477,Aug,1,2019,class-wp-themes-list-table.php
-rw-r--r--,1,root,root,94030,Aug,1,2019,class-wp-upgrader.php
-rw-r--r--,1,root,root,28570,Aug,1,2019,class-wp-upgrader-skins.php
-rw-r--r--,1,root,root,13401,Aug,1,2019,class-wp-users-list-table.php
-rw-r--r--,1,root,root,4951,Aug,1,2019,comment.php
-rw-r--r--,1,root,root,17877,Aug,1,2019,continents-cities.php
-rw-r--r--,1,root,root,46839,Aug,1,2019,dashboard.php
-rw-r--r--,1,root,root,29200,Aug,1,2019,deprecated.php
-rw-r--r--,1,root,root,18019,Aug,1,2019,export.php
-rw-r--r--,1,root,root,45238,Aug,1,2019,file.php
-rw-r--r--,1,root,root,29538,Aug,1,2019,image-edit.php
-rw-r--r--,1,root,root,19458,Aug,1,2019,image.php
-rw-r--r--,1,root,root,6261,Aug,1,2019,import.php
-rw-r--r--,1,root,root,3214,Aug,1,2019,list-table.php
-rw-r--r--,1,root,root,98257,Aug,1,2019,media.php
-rw-r--r--,1,root,root,8220,Aug,1,2019,menu.php
-rw-r--r--,1,root,root,46706,Aug,1,2019,meta-boxes.php
-rw-r--r--,1,root,root,24249,Aug,1,2019,misc.php
-rw-r--r--,1,root,root,1996,Aug,1,2019,ms-deprecated.php
-rw-r--r--,1,root,root,28999,Aug,1,2019,ms.php
-rw-r--r--,1,root,root,52301,Aug,1,2019,nav-menu.php
-rw-r--r--,1,root,root,22640,Aug,1,2019,plugin-install.php
-rw-r--r--,1,root,root,66665,Aug,1,2019,plugin.php
-rw-r--r--,1,root,root,52750,Aug,1,2019,post.php
-rw-r--r--,1,root,root,8002,Aug,1,2019,revision.php
-rw-r--r--,1,root,root,34250,Aug,1,2019,schema.php
-rw-r--r--,1,root,root,32184,Aug,1,2019,screen.php
-rw-r--r--,1,root,root,7124,Aug,1,2019,taxonomy.php
-rw-r--r--,1,root,root,77519,Aug,1,2019,template.php
-rw-r--r--,1,root,root,6405,Aug,1,2019,theme-install.php
-rw-r--r--,1,root,root,17501,Aug,1,2019,theme.php
-rw-r--r--,1,root,root,8178,Aug,1,2019,translation-install.php
-rw-r--r--,1,root,root,48127,Aug,1,2019,update-core.php
-rw-r--r--,1,root,root,16264,Aug,1,2019,update.php
-rw-r--r--,1,root,root,71250,Aug,1,2019,upgrade.php
-rw-r--r--,1,root,root,15040,Aug,1,2019,user.php
-rw-r--r--,1,root,root,8425,Aug,1,2019,widgets.php
-rw-r--r--,1,root,root,4476,Aug,1,2019,accordion.js
-rw-r--r--,1,root,root,1675,Aug,1,2019,accordion.min.js
-rw-r--r--,1,root,root,4638,Aug,1,2019,color-picker.js
-rw-r--r--,1,root,root,2630,Aug,1,2019,color-picker.min.js
-rw-r--r--,1,root,root,1517,Aug,1,2019,comment.js
-rw-r--r--,1,root,root,1142,Aug,1,2019,comment.min.js
-rw-r--r--,1,root,root,21712,Aug,1,2019,common.js
-rw-r--r--,1,root,root,11858,Aug,1,2019,common.min.js
-rw-r--r--,1,root,root,1874,Aug,1,2019,custom-background.js
-rw-r--r--,1,root,root,900,Aug,1,2019,custom-background.min.js
-rw-r--r--,1,root,root,1502,Aug,1,2019,custom-header.js
-rw-r--r--,1,root,root,34192,Aug,1,2019,customize-controls.js
-rw-r--r--,1,root,root,17318,Aug,1,2019,customize-controls.min.js
-rw-r--r--,1,root,root,56051,Aug,1,2019,customize-widgets.js
-rw-r--r--,1,root,root,23392,Aug,1,2019,customize-widgets.min.js
-rw-r--r--,1,root,root,5783,Aug,1,2019,dashboard.js
-rw-r--r--,1,root,root,3209,Aug,1,2019,dashboard.min.js
-rw-r--r--,1,root,root,17903,Aug,1,2019,edit-comments.js
-rw-r--r--,1,root,root,11041,Aug,1,2019,edit-comments.min.js
-rw-r--r--,1,root,root,21351,Aug,1,2019,editor-expand.js
-rw-r--r--,1,root,root,8457,Aug,1,2019,editor-expand.min.js
-rw-r--r--,1,root,root,10628,Aug,1,2019,editor.js
-rw-r--r--,1,root,root,6018,Aug,1,2019,editor.min.js
-rw-r--r--,1,root,root,7689,Aug,1,2019,farbtastic.js
-rw-r--r--,1,root,root,5505,Aug,1,2019,gallery.js
-rw-r--r--,1,root,root,3765,Aug,1,2019,gallery.min.js
-rw-r--r--,1,root,root,15255,Aug,1,2019,image-edit.js
-rw-r--r--,1,root,root,9096,Aug,1,2019,image-edit.min.js
-rw-r--r--,1,root,root,10379,Aug,1,2019,inline-edit-post.js
-rw-r--r--,1,root,root,6896,Aug,1,2019,inline-edit-post.min.js
-rw-r--r--,1,root,root,3279,Aug,1,2019,inline-edit-tax.js
-rw-r--r--,1,root,root,2302,Aug,1,2019,inline-edit-tax.min.js
-rw-r--r--,1,root,root,22550,Aug,1,2019,iris.min.js
-rw-r--r--,1,root,root,625,Aug,1,2019,language-chooser.js
-rw-r--r--,1,root,root,374,Aug,1,2019,language-chooser.min.js
-rw-r--r--,1,root,root,2247,Aug,1,2019,link.js
-rw-r--r--,1,root,root,1646,Aug,1,2019,link.min.js
-rw-r--r--,1,root,root,769,Aug,1,2019,media-gallery.js
-rw-r--r--,1,root,root,537,Aug,1,2019,media-gallery.min.js
-rw-r--r--,1,root,root,2671,Aug,1,2019,media.js
-rw-r--r--,1,root,root,1740,Aug,1,2019,media.min.js
-rw-r--r--,1,root,root,1984,Aug,1,2019,media-upload.js
-rw-r--r--,1,root,root,1153,Aug,1,2019,media-upload.min.js
-rw-r--r--,1,root,root,39054,Aug,1,2019,nav-menu.js
-rw-r--r--,1,root,root,20340,Aug,1,2019,nav-menu.min.js
-rw-r--r--,1,root,root,2314,Aug,1,2019,password-strength-meter.js
-rw-r--r--,1,root,root,737,Aug,1,2019,password-strength-meter.min.js
-rw-r--r--,1,root,root,2365,Aug,1,2019,plugin-install.js
-rw-r--r--,1,root,root,1523,Aug,1,2019,plugin-install.min.js
-rw-r--r--,1,root,root,5064,Aug,1,2019,postbox.js
-rw-r--r--,1,root,root,3514,Aug,1,2019,postbox.min.js
-rw-r--r--,1,root,root,31686,Aug,1,2019,post.js
-rw-r--r--,1,root,root,19175,Aug,1,2019,post.min.js
-rw-r--r--,1,root,root,32600,Aug,1,2019,revisions.js
-rw-r--r--,1,root,root,17865,Aug,1,2019,revisions.min.js
-rw-r--r--,1,root,root,777,Aug,1,2019,set-post-thumbnail.js
-rw-r--r--,1,root,root,525,Aug,1,2019,set-post-thumbnail.min.js
-rw-r--r--,1,root,root,5484,Aug,1,2019,svg-painter.js
-rw-r--r--,1,root,root,2408,Aug,1,2019,svg-painter.min.js
-rw-r--r--,1,root,root,2592,Aug,1,2019,tags.js
-rw-r--r--,1,root,root,1574,Aug,1,2019,tags.min.js
-rw-r--r--,1,root,root,43854,Aug,1,2019,theme.js
-rw-r--r--,1,root,root,20568,Aug,1,2019,theme.min.js
-rw-r--r--,1,root,root,1672,Aug,1,2019,updates.js
-rw-r--r--,1,root,root,944,Aug,1,2019,updates.min.js
-rw-r--r--,1,root,root,3719,Aug,1,2019,user-profile.js
-rw-r--r--,1,root,root,2332,Aug,1,2019,user-profile.min.js
-rw-r--r--,1,root,root,1070,Aug,1,2019,user-suggest.js
-rw-r--r--,1,root,root,679,Aug,1,2019,user-suggest.min.js
-rw-r--r--,1,root,root,14214,Aug,1,2019,widgets.js
-rw-r--r--,1,root,root,8460,Aug,1,2019,widgets.min.js
-rw-r--r--,1,root,root,1023,Aug,1,2019,word-count.js
-rw-r--r--,1,root,root,582,Aug,1,2019,word-count.min.js
-rw-r--r--,1,root,root,16212,Aug,1,2019,wp-fullscreen.js
-rw-r--r--,1,root,root,8637,Aug,1,2019,wp-fullscreen.min.js
-rw-r--r--,1,root,root,628,Aug,1,2019,xfn.js
-rw-r--r--,1,root,root,441,Aug,1,2019,xfn.min.js
-rw-r--r--,1,root,root,5485,Aug,1,2019,repair.php
-rw-r--r--,1,root,root,342,Aug,1,2019,about.php
-rw-r--r--,1,root,root,949,Aug,1,2019,admin.php
-rw-r--r--,1,root,root,346,Aug,1,2019,credits.php
-rw-r--r--,1,root,root,932,Aug,1,2019,edit.php
-rw-r--r--,1,root,root,348,Aug,1,2019,freedoms.php
-rw-r--r--,1,root,root,2906,Aug,1,2019,index.php
-rw-r--r--,1,root,root,4295,Aug,1,2019,menu.php
-rw-r--r--,1,root,root,358,Aug,1,2019,plugin-editor.php
-rw-r--r--,1,root,root,469,Aug,1,2019,plugin-install.php
-rw-r--r--,1,root,root,346,Aug,1,2019,plugins.php
-rw-r--r--,1,root,root,351,Aug,1,2019,profile.php
-rw-r--r--,1,root,root,15406,Aug,1,2019,settings.php
-rw-r--r--,1,root,root,344,Aug,1,2019,setup.php
-rw-r--r--,1,root,root,8098,Aug,1,2019,site-info.php
-rw-r--r--,1,root,root,6495,Aug,1,2019,site-new.php
-rw-r--r--,1,root,root,7475,Aug,1,2019,site-settings.php
-rw-r--r--,1,root,root,8929,Aug,1,2019,sites.php
-rw-r--r--,1,root,root,7425,Aug,1,2019,site-themes.php
-rw-r--r--,1,root,root,11816,Aug,1,2019,site-users.php
-rw-r--r--,1,root,root,356,Aug,1,2019,theme-editor.php
-rw-r--r--,1,root,root,466,Aug,1,2019,theme-install.php
-rw-r--r--,1,root,root,11583,Aug,1,2019,themes.php
-rw-r--r--,1,root,root,350,Aug,1,2019,update-core.php
-rw-r--r--,1,root,root,537,Aug,1,2019,update.php
-rw-r--r--,1,root,root,4504,Aug,1,2019,upgrade.php
-rw-r--r--,1,root,root,350,Aug,1,2019,user-edit.php
-rw-r--r--,1,root,root,3899,Aug,1,2019,user-new.php
-rw-r--r--,1,root,root,11072,Aug,1,2019,users.php
-rw-r--r--,1,root,root,275,Aug,1,2019,about.php
-rw-r--r--,1,root,root,841,Aug,1,2019,admin.php
-rw-r--r--,1,root,root,279,Aug,1,2019,credits.php
-rw-r--r--,1,root,root,281,Aug,1,2019,freedoms.php
-rw-r--r--,1,root,root,222,Aug,1,2019,index.php
-rw-r--r--,1,root,root,700,Aug,1,2019,menu.php
-rw-r--r--,1,root,root,223,Aug,1,2019,profile.php
-rw-r--r--,1,root,root,221,Aug,1,2019,user-edit.php
-rw-r--r--,1,root,root,28,Aug,1,2019,index.php
drwxr-xr-x,2,root,root,4096,Aug,1,2019,plugins
drwxr-xr-x,8,root,root,4096,Aug,1,2019,themes
drwxr-xr-x,3,root,root,4096,Aug,1,2019,uploads
-rw-r--r--,1,root,root,2255,Aug,1,2019,hello.php
-rw-r--r--,1,root,root,28,Aug,1,2019,index.php
-rw-r--r--,1,root,root,28,Aug,1,2019,index.php
drwxr-xr-x,7,root,root,4096,Aug,1,2019,twentyeleven
drwxr-xr-x,7,root,root,4096,Aug,1,2019,twentyfifteen
drwxr-xr-x,9,root,root,4096,Aug,1,2019,twentyfourteen
drwxr-xr-x,4,root,root,4096,Aug,1,2019,twentyten
drwxr-xr-x,8,root,root,4096,Aug,1,2019,twentythirteen
drwxr-xr-x,7,root,root,4096,Aug,1,2019,twentytwelve
-rw-r--r--,1,root,root,1596,Aug,1,2019,404.php
-rw-r--r--,1,root,root,2415,Aug,1,2019,archive.php
-rw-r--r--,1,root,root,3163,Aug,1,2019,author.php
-rw-r--r--,1,root,root,2147,Aug,1,2019,category.php
drwxr-xr-x,2,root,root,4096,Aug,1,2019,colors
-rw-r--r--,1,root,root,3137,Aug,1,2019,comments.php
-rw-r--r--,1,root,root,1995,Aug,1,2019,content-aside.php
-rw-r--r--,1,root,root,1783,Aug,1,2019,content-featured.php
-rw-r--r--,1,root,root,3715,Aug,1,2019,content-gallery.php
-rw-r--r--,1,root,root,3338,Aug,1,2019,content-image.php
-rw-r--r--,1,root,root,739,Aug,1,2019,content-intro.php
-rw-r--r--,1,root,root,1992,Aug,1,2019,content-link.php
-rw-r--r--,1,root,root,773,Aug,1,2019,content-page.php
-rw-r--r--,1,root,root,3702,Aug,1,2019,content.php
-rw-r--r--,1,root,root,3060,Aug,1,2019,content-quote.php
-rw-r--r--,1,root,root,3203,Aug,1,2019,content-single.php
-rw-r--r--,1,root,root,2345,Aug,1,2019,content-status.php
-rw-r--r--,1,root,root,5032,Aug,1,2019,editor-style.css
-rw-r--r--,1,root,root,317,Aug,1,2019,editor-style-rtl.css
-rw-r--r--,1,root,root,900,Aug,1,2019,footer.php
-rw-r--r--,1,root,root,24714,Aug,1,2019,functions.php
-rw-r--r--,1,root,root,5546,Aug,1,2019,header.php
-rw-r--r--,1,root,root,4383,Aug,1,2019,image.php
drwxr-xr-x,3,root,root,4096,Aug,1,2019,images
drwxr-xr-x,3,root,root,4096,Aug,1,2019,inc
-rw-r--r--,1,root,root,1486,Aug,1,2019,index.php
drwxr-xr-x,2,root,root,4096,Aug,1,2019,js
drwxr-xr-x,2,root,root,4096,Aug,1,2019,languages
-rw-r--r--,1,root,root,15129,Aug,1,2019,license.txt
-rw-r--r--,1,root,root,687,Aug,1,2019,page.php
-rw-r--r--,1,root,root,92,Aug,1,2019,readme.txt
-rw-r--r--,1,root,root,10943,Aug,1,2019,rtl.css
-rw-r--r--,1,root,root,423133,Aug,1,2019,screenshot.png
-rw-r--r--,1,root,root,589,Aug,1,2019,searchform.php
-rw-r--r--,1,root,root,1652,Aug,1,2019,search.php
-rw-r--r--,1,root,root,7291,Aug,1,2019,showcase.php
-rw-r--r--,1,root,root,1232,Aug,1,2019,sidebar-footer.php
-rw-r--r--,1,root,root,567,Aug,1,2019,sidebar-page.php
-rw-r--r--,1,root,root,951,Aug,1,2019,sidebar.php
-rw-r--r--,1,root,root,943,Aug,1,2019,single.php
-rw-r--r--,1,root,root,55833,Aug,1,2019,style.css
-rw-r--r--,1,root,root,2102,Aug,1,2019,tag.php
-rw-r--r--,1,root,root,13248,Aug,1,2019,dark.css
-rw-r--r--,1,root,root,237,Aug,1,2019,comment-arrow-bypostauthor-dark.png
-rw-r--r--,1,root,root,255,Aug,1,2019,comment-arrow-bypostauthor-dark-rtl.png
-rw-r--r--,1,root,root,239,Aug,1,2019,comment-arrow-bypostauthor.png
-rw-r--r--,1,root,root,257,Aug,1,2019,comment-arrow-bypostauthor-rtl.png
-rw-r--r--,1,root,root,348,Aug,1,2019,comment-arrow-dark.png
-rw-r--r--,1,root,root,272,Aug,1,2019,comment-arrow-dark-rtl.png
-rw-r--r--,1,root,root,250,Aug,1,2019,comment-arrow.png
-rw-r--r--,1,root,root,271,Aug,1,2019,comment-arrow-rtl.png
-rw-r--r--,1,root,root,872,Aug,1,2019,comment-bubble-dark.png
-rw-r--r--,1,root,root,856,Aug,1,2019,comment-bubble-dark-rtl.png
-rw-r--r--,1,root,root,791,Aug,1,2019,comment-bubble.png
-rw-r--r--,1,root,root,783,Aug,1,2019,comment-bubble-rtl.png
drwxr-xr-x,2,root,root,4096,Aug,1,2019,headers
-rw-r--r--,1,root,root,440,Aug,1,2019,search.png
-rw-r--r--,1,root,root,794,Aug,1,2019,wordpress.png
-rw-r--r--,1,root,root,52548,Aug,1,2019,chessboard.jpg
-rw-r--r--,1,root,root,6420,Aug,1,2019,chessboard-thumbnail.jpg
-rw-r--r--,1,root,root,39868,Aug,1,2019,hanoi.jpg
-rw-r--r--,1,root,root,4584,Aug,1,2019,hanoi-thumbnail.jpg
-rw-r--r--,1,root,root,91152,Aug,1,2019,lanterns.jpg
-rw-r--r--,1,root,root,8195,Aug,1,2019,lanterns-thumbnail.jpg
-rw-r--r--,1,root,root,38272,Aug,1,2019,pine-cone.jpg
-rw-r--r--,1,root,root,3770,Aug,1,2019,pine-cone-thumbnail.jpg
-rw-r--r--,1,root,root,77120,Aug,1,2019,shore.jpg
-rw-r--r--,1,root,root,6035,Aug,1,2019,shore-thumbnail.jpg
-rw-r--r--,1,root,root,62046,Aug,1,2019,trolley.jpg
-rw-r--r--,1,root,root,6385,Aug,1,2019,trolley-thumbnail.jpg
-rw-r--r--,1,root,root,59833,Aug,1,2019,wheel.jpg
-rw-r--r--,1,root,root,6460,Aug,1,2019,wheel-thumbnail.jpg
-rw-r--r--,1,root,root,64681,Aug,1,2019,willow.jpg
-rw-r--r--,1,root,root,4297,Aug,1,2019,willow-thumbnail.jpg
drwxr-xr-x,2,root,root,4096,Aug,1,2019,images
-rw-r--r--,1,root,root,296,Aug,1,2019,theme-customizer.js
-rw-r--r--,1,root,root,615,Aug,1,2019,theme-options.css
-rw-r--r--,1,root,root,1240,Aug,1,2019,theme-options.js
-rw-r--r--,1,root,root,20966,Aug,1,2019,theme-options.php
-rw-r--r--,1,root,root,5943,Aug,1,2019,widgets.php
-rw-r--r--,1,root,root,185,Aug,1,2019,content.png
-rw-r--r--,1,root,root,209,Aug,1,2019,content-sidebar.png
-rw-r--r--,1,root,root,5243,Aug,1,2019,dark.png
-rw-r--r--,1,root,root,5354,Aug,1,2019,light.png
-rw-r--r--,1,root,root,209,Aug,1,2019,sidebar-content.png
-rw-r--r--,1,root,root,2428,Aug,1,2019,html5.js
-rw-r--r--,1,root,root,473,Aug,1,2019,showcase.js
-rw-r--r--,1,root,root,15492,Aug,1,2019,twentyeleven.pot
-rw-r--r--,1,root,root,851,Aug,1,2019,404.php
-rw-r--r--,1,root,root,3586,Aug,1,2019,archive.php
-rw-r--r--,1,root,root,1136,Aug,1,2019,author-bio.php
-rw-r--r--,1,root,root,15,Aug,1,2019,changelog.txt
-rw-r--r--,1,root,root,1481,Aug,1,2019,comments.php
-rw-r--r--,1,root,root,1326,Aug,1,2019,content-link.php
-rw-r--r--,1,root,root,1187,Aug,1,2019,content-none.php
-rw-r--r--,1,root,root,949,Aug,1,2019,content-page.php
-rw-r--r--,1,root,root,1512,Aug,1,2019,content.php
-rw-r--r--,1,root,root,1103,Aug,1,2019,content-search.php
drwxr-xr-x,2,root,root,4096,Aug,1,2019,css
-rw-r--r--,1,root,root,633,Aug,1,2019,footer.php
-rw-r--r--,1,root,root,11390,Aug,1,2019,functions.php
drwxr-xr-x,2,root,root,4096,Aug,1,2019,genericons
-rw-r--r--,1,root,root,1507,Aug,1,2019,header.php
-rw-r--r--,1,root,root,2499,Aug,1,2019,image.php
drwxr-xr-x,2,root,root,4096,Aug,1,2019,inc
-rw-r--r--,1,root,root,1288,Aug,1,2019,index.php
drwxr-xr-x,2,root,root,4096,Aug,1,2019,js
drwxr-xr-x,2,root,root,4096,Aug,1,2019,languages
-rw-r--r--,1,root,root,877,Aug,1,2019,page.php
-rw-r--r--,1,root,root,3526,Aug,1,2019,readme.txt
-rw-r--r--,1,root,root,12032,Aug,1,2019,rtl.css
-rw-r--r--,1,root,root,377292,Aug,1,2019,screenshot.png
-rw-r--r--,1,root,root,1093,Aug,1,2019,search.php
-rw-r--r--,1,root,root,1218,Aug,1,2019,sidebar.php
-rw-r--r--,1,root,root,746,Aug,1,2019,single.php
-rw-r--r--,1,root,root,91005,Aug,1,2019,style.css
-rw-r--r--,1,root,root,1503,Aug,1,2019,admin-custom-header.css
-rw-r--r--,1,root,root,5841,Aug,1,2019,editor-style.css
-rw-r--r--,1,root,root,1159,Aug,1,2019,ie7.css
-rw-r--r--,1,root,root,12824,Aug,1,2019,ie.css
-rw-r--r--,1,root,root,1424,Aug,1,2019,COPYING.txt
-rw-r--r--,1,root,root,25866,Aug,1,2019,example.html
-rw-r--r--,1,root,root,27524,Aug,1,2019,genericons.css
-rw-r--r--,1,root,root,22760,Aug,1,2019,Genericons.eot
-rw-r--r--,1,root,root,78913,Aug,1,2019,Genericons.svg
-rw-r--r--,1,root,root,22576,Aug,1,2019,Genericons.ttf
-rw-r--r--,1,root,root,14360,Aug,1,2019,Genericons.woff
-rw-r--r--,1,root,root,18092,Aug,1,2019,LICENSE.txt
-rw-r--r--,1,root,root,6569,Aug,1,2019,README.md
-rw-r--r--,1,root,root,9730,Aug,1,2019,custom-header.php
-rw-r--r--,1,root,root,16498,Aug,1,2019,customizer.php
-rw-r--r--,1,root,root,9928,Aug,1,2019,template-tags.php
-rw-r--r--,1,root,root,2438,Aug,1,2019,color-scheme-control.js
-rw-r--r--,1,root,root,477,Aug,1,2019,customizer.js
-rw-r--r--,1,root,root,1653,Aug,1,2019,functions.js
-rw-r--r--,1,root,root,2432,Aug,1,2019,html5.js
-rw-r--r--,1,root,root,485,Aug,1,2019,keyboard-image-navigation.js
-rw-r--r--,1,root,root,727,Aug,1,2019,skip-link-focus-fix.js
-rw-r--r--,1,root,root,7285,Aug,1,2019,twentyfifteen.pot
-rw-r--r--,1,root,root,719,Aug,1,2019,404.php
-rw-r--r--,1,root,root,2161,Aug,1,2019,archive.php
-rw-r--r--,1,root,root,1927,Aug,1,2019,author.php
-rw-r--r--,1,root,root,1536,Aug,1,2019,category.php
-rw-r--r--,1,root,root,2314,Aug,1,2019,comments.php
-rw-r--r--,1,root,root,2167,Aug,1,2019,content-aside.php
-rw-r--r--,1,root,root,2167,Aug,1,2019,content-audio.php
-rw-r--r--,1,root,root,1123,Aug,1,2019,content-featured-post.php
-rw-r--r--,1,root,root,2173,Aug,1,2019,content-gallery.php
-rw-r--r--,1,root,root,2167,Aug,1,2019,content-image.php
-rw-r--r--,1,root,root,2164,Aug,1,2019,content-link.php
-rw-r--r--,1,root,root,961,Aug,1,2019,content-none.php
-rw-r--r--,1,root,root,871,Aug,1,2019,content-page.php
-rw-r--r--,1,root,root,2184,Aug,1,2019,content.php
-rw-r--r--,1,root,root,2167,Aug,1,2019,content-quote.php
-rw-r--r--,1,root,root,2167,Aug,1,2019,content-video.php
drwxr-xr-x,2,root,root,4096,Aug,1,2019,css
-rw-r--r--,1,root,root,946,Aug,1,2019,featured-content.php
-rw-r--r--,1,root,root,728,Aug,1,2019,footer.php
-rw-r--r--,1,root,root,16433,Aug,1,2019,functions.php
drwxr-xr-x,3,root,root,4096,Aug,1,2019,genericons
-rw-r--r--,1,root,root,2328,Aug,1,2019,header.php
-rw-r--r--,1,root,root,2679,Aug,1,2019,image.php
drwxr-xr-x,2,root,root,4096,Aug,1,2019,images
drwxr-xr-x,2,root,root,4096,Aug,1,2019,inc
-rw-r--r--,1,root,root,1579,Aug,1,2019,index.php
drwxr-xr-x,2,root,root,4096,Aug,1,2019,js
drwxr-xr-x,2,root,root,4096,Aug,1,2019,languages
-rw-r--r--,1,root,root,1187,Aug,1,2019,page.php
drwxr-xr-x,2,root,root,4096,Aug,1,2019,page-templates
-rw-r--r--,1,root,root,15578,Aug,1,2019,rtl.css
-rw-r--r--,1,root,root,617254,Aug,1,2019,screenshot.png
-rw-r--r--,1,root,root,1231,Aug,1,2019,search.php
-rw-r--r--,1,root,root,340,Aug,1,2019,sidebar-content.php
-rw-r--r--,1,root,root,395,Aug,1,2019,sidebar-footer.php
-rw-r--r--,1,root,root,848,Aug,1,2019,sidebar.php
-rw-r--r--,1,root,root,1033,Aug,1,2019,single.php
-rw-r--r--,1,root,root,77490,Aug,1,2019,style.css
-rw-r--r--,1,root,root,1593,Aug,1,2019,tag.php
-rw-r--r--,1,root,root,2364,Aug,1,2019,taxonomy-post_format.php
-rw-r--r--,1,root,root,11599,Aug,1,2019,editor-style.css
-rw-r--r--,1,root,root,24683,Aug,1,2019,ie.css
-rw-r--r--,1,root,root,1424,Aug,1,2019,COPYING.txt
-rw-r--r--,1,root,root,19358,Aug,1,2019,example.html
drwxr-xr-x,2,root,root,4096,Aug,1,2019,font
-rw-r--r--,1,root,root,31045,Aug,1,2019,genericons.css
-rw-r--r--,1,root,root,18212,Aug,1,2019,Genericons-Regular.otf
-rw-r--r--,1,root,root,18092,Aug,1,2019,LICENSE.txt
-rw-r--r--,1,root,root,5896,Aug,1,2019,README.txt
-rw-r--r--,1,root,root,14935,Aug,1,2019,genericons-regular-webfont.eot
-rw-r--r--,1,root,root,40045,Aug,1,2019,genericons-regular-webfont.svg
-rw-r--r--,1,root,root,27348,Aug,1,2019,genericons-regular-webfont.ttf
-rw-r--r--,1,root,root,17224,Aug,1,2019,genericons-regular-webfont.woff
-rw-r--r--,1,root,root,1176,Aug,1,2019,pattern-dark.svg
-rw-r--r--,1,root,root,540,Aug,1,2019,pattern-light.svg
-rw-r--r--,1,root,root,2189,Aug,1,2019,back-compat.php
-rw-r--r--,1,root,root,4492,Aug,1,2019,custom-header.php
-rw-r--r--,1,root,root,5579,Aug,1,2019,customizer.php
-rw-r--r--,1,root,root,15185,Aug,1,2019,featured-content.php
-rw-r--r--,1,root,root,6195,Aug,1,2019,template-tags.php
-rw-r--r--,1,root,root,9824,Aug,1,2019,widgets.php
-rw-r--r--,1,root,root,950,Aug,1,2019,customizer.js
-rw-r--r--,1,root,root,329,Aug,1,2019,featured-content-admin.js
-rw-r--r--,1,root,root,3449,Aug,1,2019,functions.js
-rw-r--r--,1,root,root,2428,Aug,1,2019,html5.js
-rw-r--r--,1,root,root,496,Aug,1,2019,keyboard-image-navigation.js
-rw-r--r--,1,root,root,18799,Aug,1,2019,slider.js
-rw-r--r--,1,root,root,10647,Aug,1,2019,twentyfourteen.pot
-rw-r--r--,1,root,root,1296,Aug,1,2019,contributors.php
-rw-r--r--,1,root,root,939,Aug,1,2019,full-width.php
-rw-r--r--,1,root,root,836,Aug,1,2019,404.php
-rw-r--r--,1,root,root,1800,Aug,1,2019,archive.php
-rw-r--r--,1,root,root,567,Aug,1,2019,attachment.php
-rw-r--r--,1,root,root,2184,Aug,1,2019,author.php
-rw-r--r--,1,root,root,930,Aug,1,2019,category.php
-rw-r--r--,1,root,root,3034,Aug,1,2019,comments.php
-rw-r--r--,1,root,root,3748,Aug,1,2019,editor-style.css
-rw-r--r--,1,root,root,380,Aug,1,2019,editor-style-rtl.css
-rw-r--r--,1,root,root,1482,Aug,1,2019,footer.php
-rw-r--r--,1,root,root,21432,Aug,1,2019,functions.php
-rw-r--r--,1,root,root,4460,Aug,1,2019,header.php
drwxr-xr-x,3,root,root,4096,Aug,1,2019,images
-rw-r--r--,1,root,root,884,Aug,1,2019,index.php
drwxr-xr-x,2,root,root,4096,Aug,1,2019,languages
-rw-r--r--,1,root,root,15129,Aug,1,2019,license.txt
-rw-r--r--,1,root,root,5592,Aug,1,2019,loop-attachment.php
-rw-r--r--,1,root,root,1157,Aug,1,2019,loop-page.php
-rw-r--r--,1,root,root,8672,Aug,1,2019,loop.php
-rw-r--r--,1,root,root,3063,Aug,1,2019,loop-single.php
-rw-r--r--,1,root,root,706,Aug,1,2019,onecolumn-page.php
-rw-r--r--,1,root,root,752,Aug,1,2019,page.php
-rw-r--r--,1,root,root,4380,Aug,1,2019,rtl.css
-rw-r--r--,1,root,root,419383,Aug,1,2019,screenshot.png
-rw-r--r--,1,root,root,1192,Aug,1,2019,search.php
-rw-r--r--,1,root,root,1745,Aug,1,2019,sidebar-footer.php
-rw-r--r--,1,root,root,1511,Aug,1,2019,sidebar.php
-rw-r--r--,1,root,root,556,Aug,1,2019,single.php
-rw-r--r--,1,root,root,23432,Aug,1,2019,style.css
-rw-r--r--,1,root,root,701,Aug,1,2019,tag.php
drwxr-xr-x,2,root,root,4096,Aug,1,2019,headers
-rw-r--r--,1,root,root,794,Aug,1,2019,wordpress.png
-rw-r--r--,1,root,root,60505,Aug,1,2019,berries.jpg
-rw-r--r--,1,root,root,5626,Aug,1,2019,berries-thumbnail.jpg
-rw-r--r--,1,root,root,81579,Aug,1,2019,cherryblossoms.jpg
-rw-r--r--,1,root,root,6418,Aug,1,2019,cherryblossoms-thumbnail.jpg
-rw-r--r--,1,root,root,38292,Aug,1,2019,concave.jpg
-rw-r--r--,1,root,root,5692,Aug,1,2019,concave-thumbnail.jpg
-rw-r--r--,1,root,root,24856,Aug,1,2019,fern.jpg
-rw-r--r--,1,root,root,5496,Aug,1,2019,fern-thumbnail.jpg
-rw-r--r--,1,root,root,64595,Aug,1,2019,forestfloor.jpg
-rw-r--r--,1,root,root,6646,Aug,1,2019,forestfloor-thumbnail.jpg
-rw-r--r--,1,root,root,39133,Aug,1,2019,inkwell.jpg
-rw-r--r--,1,root,root,4039,Aug,1,2019,inkwell-thumbnail.jpg
-rw-r--r--,1,root,root,51488,Aug,1,2019,path.jpg
-rw-r--r--,1,root,root,4536,Aug,1,2019,path-thumbnail.jpg
-rw-r--r--,1,root,root,22115,Aug,1,2019,sunset.jpg
-rw-r--r--,1,root,root,2194,Aug,1,2019,sunset-thumbnail.jpg
-rw-r--r--,1,root,root,8495,Aug,1,2019,twentyten.pot
-rw-r--r--,1,root,root,842,Aug,1,2019,404.php
-rw-r--r--,1,root,root,1796,Aug,1,2019,archive.php
-rw-r--r--,1,root,root,1118,Aug,1,2019,author-bio.php
-rw-r--r--,1,root,root,1719,Aug,1,2019,author.php
-rw-r--r--,1,root,root,1132,Aug,1,2019,category.php
-rw-r--r--,1,root,root,1873,Aug,1,2019,comments.php
-rw-r--r--,1,root,root,1226,Aug,1,2019,content-aside.php
-rw-r--r--,1,root,root,1390,Aug,1,2019,content-audio.php
-rw-r--r--,1,root,root,1085,Aug,1,2019,content-chat.php
-rw-r--r--,1,root,root,1843,Aug,1,2019,content-gallery.php
-rw-r--r--,1,root,root,1695,Aug,1,2019,content-image.php
-rw-r--r--,1,root,root,1350,Aug,1,2019,content-link.php
-rw-r--r--,1,root,root,956,Aug,1,2019,content-none.php
-rw-r--r--,1,root,root,2165,Aug,1,2019,content.php
-rw-r--r--,1,root,root,1220,Aug,1,2019,content-quote.php
-rw-r--r--,1,root,root,1011,Aug,1,2019,content-status.php
-rw-r--r--,1,root,root,1695,Aug,1,2019,content-video.php
drwxr-xr-x,2,root,root,4096,Aug,1,2019,css
-rw-r--r--,1,root,root,814,Aug,1,2019,footer.php
-rw-r--r--,1,root,root,17760,Aug,1,2019,functions.php
drwxr-xr-x,3,root,root,4096,Aug,1,2019,genericons
-rw-r--r--,1,root,root,1988,Aug,1,2019,header.php
-rw-r--r--,1,root,root,3096,Aug,1,2019,image.php
drwxr-xr-x,3,root,root,4096,Aug,1,2019,images
drwxr-xr-x,2,root,root,4096,Aug,1,2019,inc
-rw-r--r--,1,root,root,1021,Aug,1,2019,index.php
drwxr-xr-x,2,root,root,4096,Aug,1,2019,js
drwxr-xr-x,2,root,root,4096,Aug,1,2019,languages
-rw-r--r--,1,root,root,1608,Aug,1,2019,page.php
-rw-r--r--,1,root,root,12977,Aug,1,2019,rtl.css
-rw-r--r--,1,root,root,77773,Aug,1,2019,screenshot.png
-rw-r--r--,1,root,root,860,Aug,1,2019,search.php
-rw-r--r--,1,root,root,472,Aug,1,2019,sidebar-main.php
-rw-r--r--,1,root,root,577,Aug,1,2019,sidebar.php
-rw-r--r--,1,root,root,600,Aug,1,2019,single.php
-rw-r--r--,1,root,root,54339,Aug,1,2019,style.css
-rw-r--r--,1,root,root,1168,Aug,1,2019,tag.php
-rw-r--r--,1,root,root,1176,Aug,1,2019,taxonomy-post_format.php
-rw-r--r--,1,root,root,12140,Aug,1,2019,editor-style.css
-rw-r--r--,1,root,root,4637,Aug,1,2019,ie.css
-rw-r--r--,1,root,root,1424,Aug,1,2019,COPYING.txt
-rw-r--r--,1,root,root,19358,Aug,1,2019,example.html
drwxr-xr-x,2,root,root,4096,Aug,1,2019,font
-rw-r--r--,1,root,root,31045,Aug,1,2019,genericons.css
-rw-r--r--,1,root,root,18212,Aug,1,2019,Genericons-Regular.otf
-rw-r--r--,1,root,root,18092,Aug,1,2019,LICENSE.txt
-rw-r--r--,1,root,root,5896,Aug,1,2019,README.txt
-rw-r--r--,1,root,root,14935,Aug,1,2019,genericons-regular-webfont.eot
-rw-r--r--,1,root,root,40045,Aug,1,2019,genericons-regular-webfont.svg
-rw-r--r--,1,root,root,27348,Aug,1,2019,genericons-regular-webfont.ttf
-rw-r--r--,1,root,root,17224,Aug,1,2019,genericons-regular-webfont.woff
-rw-r--r--,1,root,root,86,Aug,1,2019,dotted-line-2x.png
-rw-r--r--,1,root,root,85,Aug,1,2019,dotted-line-light-2x.png
-rw-r--r--,1,root,root,80,Aug,1,2019,dotted-line-light.png
-rw-r--r--,1,root,root,80,Aug,1,2019,dotted-line.png
drwxr-xr-x,2,root,root,4096,Aug,1,2019,headers
-rw-r--r--,1,root,root,829,Aug,1,2019,search-icon-2x.png
-rw-r--r--,1,root,root,422,Aug,1,2019,search-icon.png
-rw-r--r--,1,root,root,33848,Aug,1,2019,circle.png
-rw-r--r--,1,root,root,8001,Aug,1,2019,circle-thumbnail.png
-rw-r--r--,1,root,root,14266,Aug,1,2019,diamond.png
-rw-r--r--,1,root,root,1847,Aug,1,2019,diamond-thumbnail.png
-rw-r--r--,1,root,root,22620,Aug,1,2019,star.png
-rw-r--r--,1,root,root,4039,Aug,1,2019,star-thumbnail.png
-rw-r--r--,1,root,root,2175,Aug,1,2019,back-compat.php
-rw-r--r--,1,root,root,6521,Aug,1,2019,custom-header.php
-rw-r--r--,1,root,root,2651,Aug,1,2019,functions.js
-rw-r--r--,1,root,root,2428,Aug,1,2019,html5.js
-rw-r--r--,1,root,root,1116,Aug,1,2019,theme-customizer.js
-rw-r--r--,1,root,root,7470,Aug,1,2019,twentythirteen.pot
-rw-r--r--,1,root,root,813,Aug,1,2019,404.php
-rw-r--r--,1,root,root,2061,Aug,1,2019,archive.php
-rw-r--r--,1,root,root,2580,Aug,1,2019,author.php
-rw-r--r--,1,root,root,1427,Aug,1,2019,category.php
-rw-r--r--,1,root,root,2166,Aug,1,2019,comments.php
-rw-r--r--,1,root,root,1271,Aug,1,2019,content-aside.php
-rw-r--r--,1,root,root,1137,Aug,1,2019,content-image.php
-rw-r--r--,1,root,root,1170,Aug,1,2019,content-link.php
-rw-r--r--,1,root,root,592,Aug,1,2019,content-none.php
-rw-r--r--,1,root,root,859,Aug,1,2019,content-page.php
-rw-r--r--,1,root,root,3052,Aug,1,2019,content.php
-rw-r--r--,1,root,root,1113,Aug,1,2019,content-quote.php
-rw-r--r--,1,root,root,1562,Aug,1,2019,content-status.php
drwxr-xr-x,2,root,root,4096,Aug,1,2019,css
-rw-r--r--,1,root,root,5467,Aug,1,2019,editor-style.css
-rw-r--r--,1,root,root,413,Aug,1,2019,editor-style-rtl.css
-rw-r--r--,1,root,root,745,Aug,1,2019,footer.php
-rw-r--r--,1,root,root,17657,Aug,1,2019,functions.php
-rw-r--r--,1,root,root,2299,Aug,1,2019,header.php
-rw-r--r--,1,root,root,4367,Aug,1,2019,image.php
drwxr-xr-x,2,root,root,4096,Aug,1,2019,inc
-rw-r--r--,1,root,root,2053,Aug,1,2019,index.php
drwxr-xr-x,2,root,root,4096,Aug,1,2019,js
drwxr-xr-x,2,root,root,4096,Aug,1,2019,languages
-rw-r--r--,1,root,root,725,Aug,1,2019,page.php
drwxr-xr-x,2,root,root,4096,Aug,1,2019,page-templates
-rw-r--r--,1,root,root,4710,Aug,1,2019,rtl.css
-rw-r--r--,1,root,root,323498,Aug,1,2019,screenshot.png
-rw-r--r--,1,root,root,1347,Aug,1,2019,search.php
-rw-r--r--,1,root,root,980,Aug,1,2019,sidebar-front.php
-rw-r--r--,1,root,root,418,Aug,1,2019,sidebar.php
-rw-r--r--,1,root,root,1035,Aug,1,2019,single.php
-rw-r--r--,1,root,root,36264,Aug,1,2019,style.css
-rw-r--r--,1,root,root,1404,Aug,1,2019,tag.php
-rw-r--r--,1,root,root,5115,Aug,1,2019,ie.css
-rw-r--r--,1,root,root,4651,Aug,1,2019,custom-header.php
-rw-r--r--,1,root,root,2428,Aug,1,2019,html5.js
-rw-r--r--,1,root,root,1516,Aug,1,2019,navigation.js
-rw-r--r--,1,root,root,2055,Aug,1,2019,theme-customizer.js
-rw-r--r--,1,root,root,7770,Aug,1,2019,twentytwelve.pot
-rw-r--r--,1,root,root,1004,Aug,1,2019,front-page.php
-rw-r--r--,1,root,root,817,Aug,1,2019,full-width.php
drwxr-xr-x,3,root,root,4096,Aug,1,2019,2015
drwxr-xr-x,2,root,root,4096,Aug,1,2019,10
-rw-r--r--,1,root,root,27104,Aug,1,2019,happy-150x150.png
-rw-r--r--,1,root,root,26601,Aug,1,2019,happy.png
-rw-r--r--,1,root,root,19052,Aug,1,2019,pic1.png
-rw-r--r--,1,root,root,27750,Aug,1,2019,pic2.png
-rw-r--r--,1,root,root,21060,Aug,1,2019,pic3.png
-rw-r--r--,1,root,root,26541,Aug,1,2019,pic4.png
